id;firstname;lastname;mail
1;Dulce;Alcott;Dulce.Alcott@yopmail.com
2;Sophia;Henebry;Sophia.Henebry@yopmail.com
3;Emma;Riva;Emma.Riva@yopmail.com
4;Shaine;Schroth;Shaine.Schroth@yopmail.com
5;Brietta;Ammann;Brietta.Ammann@yopmail.com
6;Meg;Ricarda;Meg.Ricarda@yopmail.com
7;Dawn;Delp;Dawn.Delp@yopmail.com
8;Jinny;Zuzana;Jinny.Zuzana@yopmail.com
9;Lonnie;Elo;Lonnie.Elo@yopmail.com
10;Kellen;Bandeen;Kellen.Bandeen@yopmail.com
11;Diena;Talia;Diena.Talia@yopmail.com
12;Heddie;Ortrude;Heddie.Ortrude@yopmail.com
13;Stephanie;Sekofski;Stephanie.Sekofski@yopmail.com
14;Alie;Socha;Alie.Socha@yopmail.com
15;Mamie;Bury;Mamie.Bury@yopmail.com
16;Shel;Roarke;Shel.Roarke@yopmail.com
17;Florencia;Billye;Florencia.Billye@yopmail.com
18;Tamqrah;Radu;Tamqrah.Radu@yopmail.com
19;Annecorinne;Rese;Annecorinne.Rese@yopmail.com
20;Laure;Susannah;Laure.Susannah@yopmail.com
21;Philis;Francyne;Philis.Francyne@yopmail.com
22;Lenna;Devlen;Lenna.Devlen@yopmail.com
23;Chastity;Hylan;Chastity.Hylan@yopmail.com
24;Edith;Phi;Edith.Phi@yopmail.com
25;Jorry;Read;Jorry.Read@yopmail.com
26;Ericka;Beebe;Ericka.Beebe@yopmail.com
27;Camile;Tybald;Camile.Tybald@yopmail.com
28;Alex;Goerke;Alex.Goerke@yopmail.com
29;Natka;Reinke;Natka.Reinke@yopmail.com
30;Celene;Reneta;Celene.Reneta@yopmail.com
31;Kial;Bakerman;Kial.Bakerman@yopmail.com
32;Jennica;Garlinda;Jennica.Garlinda@yopmail.com
33;Jemie;Rosette;Jemie.Rosette@yopmail.com
34;Phedra;Niccolo;Phedra.Niccolo@yopmail.com
35;Konstance;Chauncey;Konstance.Chauncey@yopmail.com
36;Mireielle;Konyn;Mireielle.Konyn@yopmail.com
37;Brandise;Nerita;Brandise.Nerita@yopmail.com
38;Julieta;Chobot;Julieta.Chobot@yopmail.com
39;Elie;Alejoa;Elie.Alejoa@yopmail.com
40;Maridel;Avi;Maridel.Avi@yopmail.com
41;Alyda;Hurley;Alyda.Hurley@yopmail.com
42;Yolane;Nisbet;Yolane.Nisbet@yopmail.com
43;Liana;Mott;Liana.Mott@yopmail.com
44;Phylis;Niccolo;Phylis.Niccolo@yopmail.com
45;Helena;Charmine;Helena.Charmine@yopmail.com
46;Priscilla;Rozanna;Priscilla.Rozanna@yopmail.com
47;Micheline;Avi;Micheline.Avi@yopmail.com
48;Rosanne;Uund;Rosanne.Uund@yopmail.com
49;Anica;Hashim;Anica.Hashim@yopmail.com
50;Amara;Eno;Amara.Eno@yopmail.com
51;Cassandra;Chapland;Cassandra.Chapland@yopmail.com
52;Bernie;Marcellus;Bernie.Marcellus@yopmail.com
53;Dede;Calhoun;Dede.Calhoun@yopmail.com
54;Rori;Kronfeld;Rori.Kronfeld@yopmail.com
55;Nanete;Keelia;Nanete.Keelia@yopmail.com
56;Lyssa;Amasa;Lyssa.Amasa@yopmail.com
57;Vere;Sabella;Vere.Sabella@yopmail.com
58;Dorothy;Dearborn;Dorothy.Dearborn@yopmail.com
59;Claudina;Decato;Claudina.Decato@yopmail.com
60;Cathyleen;Markman;Cathyleen.Markman@yopmail.com
61;Gerrie;Llovera;Gerrie.Llovera@yopmail.com
62;Sidoney;Bearnard;Sidoney.Bearnard@yopmail.com
63;Minda;Lilybelle;Minda.Lilybelle@yopmail.com
64;Darci;Infield;Darci.Infield@yopmail.com
65;Hildegaard;Brenn;Hildegaard.Brenn@yopmail.com
66;Dulcinea;Leary;Dulcinea.Leary@yopmail.com
67;Glynnis;Cadmar;Glynnis.Cadmar@yopmail.com
68;Emylee;Herrera;Emylee.Herrera@yopmail.com
69;Carly;Sasnett;Carly.Sasnett@yopmail.com
70;Diena;Connelly;Diena.Connelly@yopmail.com
71;Pearline;Randene;Pearline.Randene@yopmail.com
72;Gilda;Toffic;Gilda.Toffic@yopmail.com
73;Ira;Saree;Ira.Saree@yopmail.com
74;Lusa;Gabrielli;Lusa.Gabrielli@yopmail.com
75;Lindie;Leler;Lindie.Leler@yopmail.com
76;Claudina;Astra;Claudina.Astra@yopmail.com
77;Sara-Ann;Moseley;Sara-Ann.Moseley@yopmail.com
78;Adele;Bibi;Adele.Bibi@yopmail.com
79;Sharlene;Jary;Sharlene.Jary@yopmail.com
80;Leontine;Nea;Leontine.Nea@yopmail.com
81;Lanae;Georgy;Lanae.Georgy@yopmail.com
82;Cherilyn;Lubin;Cherilyn.Lubin@yopmail.com
83;Gloria;Erich;Gloria.Erich@yopmail.com
84;Celene;Eachern;Celene.Eachern@yopmail.com
85;Selma;Carey;Selma.Carey@yopmail.com
86;Kamilah;Saunderson;Kamilah.Saunderson@yopmail.com
87;Sonni;Moseley;Sonni.Moseley@yopmail.com
88;Deloria;Chesna;Deloria.Chesna@yopmail.com
89;Therine;Lunsford;Therine.Lunsford@yopmail.com
90;Marguerite;Louanna;Marguerite.Louanna@yopmail.com
91;Wanda;Gibbeon;Wanda.Gibbeon@yopmail.com
92;Laurene;Clarissa;Laurene.Clarissa@yopmail.com
93;Kary;Markman;Kary.Markman@yopmail.com
94;Annora;Lanita;Annora.Lanita@yopmail.com
95;Tiffie;Aurelio;Tiffie.Aurelio@yopmail.com
96;Romona;Amasa;Romona.Amasa@yopmail.com
97;Pollyanna;Tatianas;Pollyanna.Tatianas@yopmail.com
98;Trixi;Thunell;Trixi.Thunell@yopmail.com
99;Edyth;Wiener;Edyth.Wiener@yopmail.com
100;Imojean;Juan;Imojean.Juan@yopmail.com
101;Testfirstname;Testlastname;Testfirstname.Testlastname@yopmail.com
102;Testfirstname;Testlastname;Testfirstname.Testlastname@yopmail.com
103;Testfirstname;Testlastname;Testfirstname.Testlastname@yopmail.com
104;Testfirstname;Testlastname;Testfirstname.Testlastname@yopmail.com
105;Testfirstname;Testlastname;Testfirstname.Testlastname@yopmail.com
106;Testfirstname;Testlastname;Testfirstname.Testlastname@yopmail.com
107;Testfirstname;Testlastname;Testfirstname.Testlastname@yopmail.com
108;Testfirstname;Testlastname;Testfirstname.Testlastname@yopmail.com
109;Testfirstname;Testlastname;Testfirstname.Testlastname@yopmail.com
110;Testfirstname;Testlastname;Testfirstname.Testlastname@yopmail.com
111;Testfirstname;Testlastname;Testfirstname.Testlastname@yopmail.com
112;Testfirstname;Testlastname;Testfirstname.Testlastname@yopmail.com
113;Testfirstname;Testlastname;Testfirstname.Testlastname@yopmail.com
114;Testfirstname;Testlastname;Testfirstname.Testlastname@yopmail.com
115;Testfirstname;Testlastname;Testfirstname.Testlastname@yopmail.com
116;Testfirstname;Testlastname;Testfirstname.Testlastname@yopmail.com
117;Testfirstname;Testlastname;Testfirstname.Testlastname@yopmail.com
118;Testfirstname;Testlastname;Testfirstname.Testlastname@yopmail.com
119;Testfirstname;Testlastname;Testfirstname.Testlastname@yopmail.com
120;Testfirstname;Testlastname;Testfirstname.Testlastname@yopmail.com
121;Testfirstname;Testlastname;Testfirstname.Testlastname@yopmail.com
122;Testfirstname;Testlastname;Testfirstname.Testlastname@yopmail.com
123;Testfirstname;Testlastname;Testfirstname.Testlastname@yopmail.com
124;Testfirstname;Testlastname;Testfirstname.Testlastname@yopmail.com
125;Testfirstname;Testlastname;Testfirstname.Testlastname@yopmail.com
126;Testfirstname;Testlastname;Testfirstname.Testlastname@yopmail.com
127;Testfirstname;Testlastname;Testfirstname.Testlastname@yopmail.com
128;Testfirstname;Testlastname;Testfirstname.Testlastname@yopmail.com
129;Testfirstname;Testlastname;Testfirstname.Testlastname@yopmail.com
130;Testfirstname;Testlastname;Testfirstname.Testlastname@yopmail.com
131;Testfirstname;Testlastname;Testfirstname.Testlastname@yopmail.com
132;Testfirstname;Testlastname;Testfirstname.Testlastname@yopmail.com
133;Testfirstname;Testlastname;Testfirstname.Testlastname@yopmail.com
134;Testfirstname;Testlastname;Testfirstname.Testlastname@yopmail.com
135;Testfirstname;Testlastname;Testfirstname.Testlastname@yopmail.com
136;Testfirstname;Testlastname;Testfirstname.Testlastname@yopmail.com
137;Testfirstname;Testlastname;Testfirstname.Testlastname@yopmail.com
138;Testfirstname;Testlastname;Testfirstname.Testlastname@yopmail.com
139;Testfirstname;Testlastname;Testfirstname.Testlastname@yopmail.com
140;Testfirstname;Testlastname;Testfirstname.Testlastname@yopmail.com
141;Testfirstname;Testlastname;Testfirstname.Testlastname@yopmail.com
142;Testfirstname;Testlastname;Testfirstname.Testlastname@yopmail.com
143;Testfirstname;Testlastname;Testfirstname.Testlastname@yopmail.com
144;Testfirstname;Testlastname;Testfirstname.Testlastname@yopmail.com
145;Testfirstname;Testlastname;Testfirstname.Testlastname@yopmail.com
146;Testfirstname;Testlastname;Testfirstname.Testlastname@yopmail.com
147;Testfirstname;Testlastname;Testfirstname.Testlastname@yopmail.com
148;Testfirstname;Testlastname;Testfirstname.Testlastname@yopmail.com
149;Testfirstname;Testlastname;Testfirstname.Testlastname@yopmail.com
150;Testfirstname;Testlastname;Testfirstname.Testlastname@yopmail.com
151;Testfirstname;Testlastname;Testfirstname.Testlastname@yopmail.com
152;Testfirstname;Testlastname;Testfirstname.Testlastname@yopmail.com
153;Testfirstname;Testlastname;Testfirstname.Testlastname@yopmail.com
154;Testfirstname;Testlastname;Testfirstname.Testlastname@yopmail.com
155;Testfirstname;Testlastname;Testfirstname.Testlastname@yopmail.com
156;Testfirstname;Testlastname;Testfirstname.Testlastname@yopmail.com
157;Testfirstname;Testlastname;Testfirstname.Testlastname@yopmail.com
158;Testfirstname;Testlastname;Testfirstname.Testlastname@yopmail.com
159;Testfirstname;Testlastname;Testfirstname.Testlastname@yopmail.com
160;Testfirstname;Testlastname;Testfirstname.Testlastname@yopmail.com
161;Testfirstname;Testlastname;Testfirstname.Testlastname@yopmail.com
162;Testfirstname;Testlastname;Testfirstname.Testlastname@yopmail.com
163;Testfirstname;Testlastname;Testfirstname.Testlastname@yopmail.com
164;Testfirstname;Testlastname;Testfirstname.Testlastname@yopmail.com
165;Testfirstname;Testlastname;Testfirstname.Testlastname@yopmail.com
166;Testfirstname;Testlastname;Testfirstname.Testlastname@yopmail.com
167;Testfirstname;Testlastname;Testfirstname.Testlastname@yopmail.com
168;Testfirstname;Testlastname;Testfirstname.Testlastname@yopmail.com
169;Testfirstname;Testlastname;Testfirstname.Testlastname@yopmail.com
170;Testfirstname;Testlastname;Testfirstname.Testlastname@yopmail.com
171;Testfirstname;Testlastname;Testfirstname.Testlastname@yopmail.com
172;Testfirstname;Testlastname;Testfirstname.Testlastname@yopmail.com
173;Testfirstname;Testlastname;Testfirstname.Testlastname@yopmail.com
174;Testfirstname;Testlastname;Testfirstname.Testlastname@yopmail.com
175;Testfirstname;Testlastname;Testfirstname.Testlastname@yopmail.com
176;Testfirstname;Testlastname;Testfirstname.Testlastname@yopmail.com
177;Testfirstname;Testlastname;Testfirstname.Testlastname@yopmail.com
178;Testfirstname;Testlastname;Testfirstname.Testlastname@yopmail.com
179;Testfirstname;Testlastname;Testfirstname.Testlastname@yopmail.com
180;Testfirstname;Testlastname;Testfirstname.Testlastname@yopmail.com
181;Testfirstname;Testlastname;Testfirstname.Testlastname@yopmail.com
182;Testfirstname;Testlastname;Testfirstname.Testlastname@yopmail.com
183;Testfirstname;Testlastname;Testfirstname.Testlastname@yopmail.com
184;Testfirstname;Testlastname;Testfirstname.Testlastname@yopmail.com
185;Testfirstname;Testlastname;Testfirstname.Testlastname@yopmail.com
186;Testfirstname;Testlastname;Testfirstname.Testlastname@yopmail.com
187;Testfirstname;Testlastname;Testfirstname.Testlastname@yopmail.com
188;Testfirstname;Testlastname;Testfirstname.Testlastname@yopmail.com
189;Testfirstname;Testlastname;Testfirstname.Testlastname@yopmail.com
190;Testfirstname;Testlastname;Testfirstname.Testlastname@yopmail.com
191;Testfirstname;Testlastname;Testfirstname.Testlastname@yopmail.com
192;Testfirstname;Testlastname;Testfirstname.Testlastname@yopmail.com
193;Testfirstname;Testlastname;Testfirstname.Testlastname@yopmail.com
194;Testfirstname;Testlastname;Testfirstname.Testlastname@yopmail.com
195;Testfirstname;Testlastname;Testfirstname.Testlastname@yopmail.com
196;Testfirstname;Testlastname;Testfirstname.Testlastname@yopmail.com
197;Testfirstname;Testlastname;Testfirstname.Testlastname@yopmail.com
198;Testfirstname;Testlastname;Testfirstname.Testlastname@yopmail.com
199;Testfirstname;Testlastname;Testfirstname.Testlastname@yopmail.com
200;Testfirstname;Testlastname;Testfirstname.Testlastname@yopmail.com
201;Testfirstname;Testlastname;Testfirstname.Testlastname@yopmail.com
202;Testfirstname;Testlastname;Testfirstname.Testlastname@yopmail.com
203;Testfirstname;Testlastname;Testfirstname.Testlastname@yopmail.com
204;Testfirstname;Testlastname;Testfirstname.Testlastname@yopmail.com
205;Testfirstname;Testlastname;Testfirstname.Testlastname@yopmail.com
206;Testfirstname;Testlastname;Testfirstname.Testlastname@yopmail.com
207;Testfirstname;Testlastname;Testfirstname.Testlastname@yopmail.com
208;Testfirstname;Testlastname;Testfirstname.Testlastname@yopmail.com
209;Testfirstname;Testlastname;Testfirstname.Testlastname@yopmail.com
210;Testfirstname;Testlastname;Testfirstname.Testlastname@yopmail.com
211;Testfirstname;Testlastname;Testfirstname.Testlastname@yopmail.com
212;Testfirstname;Testlastname;Testfirstname.Testlastname@yopmail.com
213;Testfirstname;Testlastname;Testfirstname.Testlastname@yopmail.com
214;Testfirstname;Testlastname;Testfirstname.Testlastname@yopmail.com
215;Testfirstname;Testlastname;Testfirstname.Testlastname@yopmail.com
216;Testfirstname;Testlastname;Testfirstname.Testlastname@yopmail.com
217;Testfirstname;Testlastname;Testfirstname.Testlastname@yopmail.com
218;Testfirstname;Testlastname;Testfirstname.Testlastname@yopmail.com
219;Testfirstname;Testlastname;Testfirstname.Testlastname@yopmail.com
220;Testfirstname;Testlastname;Testfirstname.Testlastname@yopmail.com
221;Testfirstname;Testlastname;Testfirstname.Testlastname@yopmail.com
222;Testfirstname;Testlastname;Testfirstname.Testlastname@yopmail.com
223;Testfirstname;Testlastname;Testfirstname.Testlastname@yopmail.com
224;Testfirstname;Testlastname;Testfirstname.Testlastname@yopmail.com
225;Testfirstname;Testlastname;Testfirstname.Testlastname@yopmail.com
226;Testfirstname;Testlastname;Testfirstname.Testlastname@yopmail.com
227;Testfirstname;Testlastname;Testfirstname.Testlastname@yopmail.com
228;Testfirstname;Testlastname;Testfirstname.Testlastname@yopmail.com
229;Testfirstname;Testlastname;Testfirstname.Testlastname@yopmail.com
230;Testfirstname;Testlastname;Testfirstname.Testlastname@yopmail.com
231;Testfirstname;Testlastname;Testfirstname.Testlastname@yopmail.com
232;Testfirstname;Testlastname;Testfirstname.Testlastname@yopmail.com
233;Testfirstname;Testlastname;Testfirstname.Testlastname@yopmail.com
234;Testfirstname;Testlastname;Testfirstname.Testlastname@yopmail.com
235;Testfirstname;Testlastname;Testfirstname.Testlastname@yopmail.com
236;Testfirstname;Testlastname;Testfirstname.Testlastname@yopmail.com
237;Testfirstname;Testlastname;Testfirstname.Testlastname@yopmail.com
238;Testfirstname;Testlastname;Testfirstname.Testlastname@yopmail.com
239;Testfirstname;Testlastname;Testfirstname.Testlastname@yopmail.com
240;Testfirstname;Testlastname;Testfirstname.Testlastname@yopmail.com
241;Testfirstname;Testlastname;Testfirstname.Testlastname@yopmail.com
242;Testfirstname;Testlastname;Testfirstname.Testlastname@yopmail.com
243;Testfirstname;Testlastname;Testfirstname.Testlastname@yopmail.com
244;Testfirstname;Testlastname;Testfirstname.Testlastname@yopmail.com
245;Testfirstname;Testlastname;Testfirstname.Testlastname@yopmail.com
246;Testfirstname;Testlastname;Testfirstname.Testlastname@yopmail.com
247;Testfirstname;Testlastname;Testfirstname.Testlastname@yopmail.com
248;Testfirstname;Testlastname;Testfirstname.Testlastname@yopmail.com
249;Testfirstname;Testlastname;Testfirstname.Testlastname@yopmail.com
250;Testfirstname;Testlastname;Testfirstname.Testlastname@yopmail.com
251;Testfirstname;Testlastname;Testfirstname.Testlastname@yopmail.com
252;Testfirstname;Testlastname;Testfirstname.Testlastname@yopmail.com
253;Testfirstname;Testlastname;Testfirstname.Testlastname@yopmail.com
254;Testfirstname;Testlastname;Testfirstname.Testlastname@yopmail.com
255;Testfirstname;Testlastname;Testfirstname.Testlastname@yopmail.com
256;Testfirstname;Testlastname;Testfirstname.Testlastname@yopmail.com
257;Testfirstname;Testlastname;Testfirstname.Testlastname@yopmail.com
258;Testfirstname;Testlastname;Testfirstname.Testlastname@yopmail.com
259;Testfirstname;Testlastname;Testfirstname.Testlastname@yopmail.com
260;Testfirstname;Testlastname;Testfirstname.Testlastname@yopmail.com
261;Testfirstname;Testlastname;Testfirstname.Testlastname@yopmail.com
262;Testfirstname;Testlastname;Testfirstname.Testlastname@yopmail.com
263;Testfirstname;Testlastname;Testfirstname.Testlastname@yopmail.com
264;Testfirstname;Testlastname;Testfirstname.Testlastname@yopmail.com
265;Testfirstname;Testlastname;Testfirstname.Testlastname@yopmail.com
266;Testfirstname;Testlastname;Testfirstname.Testlastname@yopmail.com
267;Testfirstname;Testlastname;Testfirstname.Testlastname@yopmail.com
268;Testfirstname;Testlastname;Testfirstname.Testlastname@yopmail.com
269;Testfirstname;Testlastname;Testfirstname.Testlastname@yopmail.com
270;Testfirstname;Testlastname;Testfirstname.Testlastname@yopmail.com
271;Testfirstname;Testlastname;Testfirstname.Testlastname@yopmail.com
272;Testfirstname;Testlastname;Testfirstname.Testlastname@yopmail.com
273;Testfirstname;Testlastname;Testfirstname.Testlastname@yopmail.com
274;Testfirstname;Testlastname;Testfirstname.Testlastname@yopmail.com
275;Testfirstname;Testlastname;Testfirstname.Testlastname@yopmail.com
276;Testfirstname;Testlastname;Testfirstname.Testlastname@yopmail.com
277;Testfirstname;Testlastname;Testfirstname.Testlastname@yopmail.com
278;Testfirstname;Testlastname;Testfirstname.Testlastname@yopmail.com
279;Testfirstname;Testlastname;Testfirstname.Testlastname@yopmail.com
280;Testfirstname;Testlastname;Testfirstname.Testlastname@yopmail.com
281;Testfirstname;Testlastname;Testfirstname.Testlastname@yopmail.com
282;Testfirstname;Testlastname;Testfirstname.Testlastname@yopmail.com
283;Testfirstname;Testlastname;Testfirstname.Testlastname@yopmail.com
284;Testfirstname;Testlastname;Testfirstname.Testlastname@yopmail.com
285;Testfirstname;Testlastname;Testfirstname.Testlastname@yopmail.com
286;Testfirstname;Testlastname;Testfirstname.Testlastname@yopmail.com
287;Testfirstname;Testlastname;Testfirstname.Testlastname@yopmail.com
288;Testfirstname;Testlastname;Testfirstname.Testlastname@yopmail.com
289;Testfirstname;Testlastname;Testfirstname.Testlastname@yopmail.com
290;Testfirstname;Testlastname;Testfirstname.Testlastname@yopmail.com
291;Testfirstname;Testlastname;Testfirstname.Testlastname@yopmail.com
292;Testfirstname;Testlastname;Testfirstname.Testlastname@yopmail.com
293;Testfirstname;Testlastname;Testfirstname.Testlastname@yopmail.com
294;Testfirstname;Testlastname;Testfirstname.Testlastname@yopmail.com
295;Testfirstname;Testlastname;Testfirstname.Testlastname@yopmail.com
296;Testfirstname;Testlastname;Testfirstname.Testlastname@yopmail.com
297;Testfirstname;Testlastname;Testfirstname.Testlastname@yopmail.com
298;Testfirstname;Testlastname;Testfirstname.Testlastname@yopmail.com
299;Testfirstname;Testlastname;Testfirstname.Testlastname@yopmail.com